name,classification
Addison County Mutual Aid,MutualAidGroup
ANTRIM COUNTY MUTUAL AID,MutualAidGroup
"Appleton, WI Community Care and Mutual Aid Signup",MutualAidGroup
Auckland Northwest MANZ - COVID-19 Mutual Aid,MutualAidLikeGroup
Baltimore Neighborhood Quarantine Response Teams,InformationSite
Bay Area Senior/Disability/Worker Mutual Aid,MutualAidGroup
BAY MILLS INDIAN COMMUNITY MUTUAL AID,MutualAidGroup
BENZIE COUNTY COVID-19 RESOURCES AND NEEDS,InformationSite
Birmingham Mutual Aid,MutualAidGroup
Carbondale Colorado Mutual Aid,MutualAidGroup
Christchurch COVID-19 Community Aid,MutualAidLikeGroup
CMA Plano de Emerg√™ncia Social,MutualAidLikeGroup
COMBATING COVID IN SOUTHWEST DETROIT,MutualAidGroup
Corona Aid 757,MutualAidGroup
COS Mutual Aid Network = Red de Ayuda Mutua en COS,MutualAidGroup
COVID-10 Mutual Aid UK,MutualAidGroup
COVID-19 Mutual Aid - LA - Ground Game,MutualAidGroup
COVID-19 Mutual Aid - VENTURA COUNTY DSA,MutualAidGroup
Covidmutualaid.org,UmbrellaGroup
CV19 Quarantine Delivery Taskforce,MutualAidGroup
DC Mutual Aid Network East of the River,MutualAidGroup
DETROIT-BASED COVID-19 MUTUAL AID,MutualAidGroup
Durango & La Plata County Area Donation Opportunities + Community & Information Resources,InformationSite
East Bay Disabled Folks COVID-19 Support,MutualAidLikeGroup
EMMET COUNTY HELPING HANDS,MutualAidGroup
Front Range Mutual Aid,MutualAidGroup
GLP SANI: Sex Worker Aid Network Initiative,MutualAidGroup
GRAND RAPIDS AREA COVID-19 MUTUAL AID,MutualAidGroup
GRAND RAPIDS AREA PANDEMIC RESOURCES,MutualAidGroup
GRAND TRAVERSE BAND OF OTTAWA AND CHIPPEWA INDIANS MUTUAL AID,MutualAidGroup
GRAND TRAVERSE COUNTY MUTUAL AID,MutualAidGroup
Greater Barre Mutual Aid,MutualAidGroup
How Can I Help? Bay Area,InformationSite
HURON VALLEY MUTUAL AID,MutualAidGroup
"Informaci√≥n y apoyo mutuo durante el coronavirus: New Haven, Connecticut",MutualAidGroup
KALAMAZOO MUTUAL AID,MutualAidGroup
KALKASKA RESPONSE TEAM,MutualAidGroup
Kinlani (Flagstaff) Mutual Aid,MutualAidGroup
LANSING AREA MUTUAL AID,MutualAidGroup
Long Beach Mutual Aid,MutualAidGroup
MANZ Auckland Indonesian - CBD,MutualAidLikeGroup
Mutual Aid Greater Tampa - Resources and Information,MutualAidGroup
"Mutual Aid Waterbury, Bridgeport, New Haven",MutualAidGroup
Mutual Aid/Relief Fundraiser,financial
Oakland At Risk,MutualAidGroup
OAKLAND COUNTY COVID RESPONSE,MutualAidGroup
Orange County COVID-19 Mutual Aid,MutualAidGroup
Palmerston North - Covid-19 Mutual Aid (MANZ),MutualAidLikeGroup
Phoenix Mutual Aid,MutualAidGroup
PONTIAC CORONAVIRUS EMERGENCY RELIEF FOOD/SUPPLIES,MutualAidGroup
Queer Relief Covid-19 Berlin,MutualAidGroup
Refood,MutualAidLikeGroup
Refood Almada,MutualAidLikeGroup
Refood Belem,MutualAidLikeGroup
Refood Foz do Douro,MutualAidLikeGroup
REMOVE LLC.,MutualAidLikeGroup
Sacramento COVID-19 Mutual Aid,MutualAidGroup
Sacramento Mutual Aid,MutualAidGroup
SAUGATUCK/DOUGLAS SECOND RESPONDERS,MutualAidLikeGroup
Seattle Area COVID-19,MutualAidGroup
Seattle Artist Relief Fund Amid COVID-19,MutualAidGroup
Serving Seniors,MutualAidLikeGroup
SF Bay Mutual Aid,MutualAidGroup
South Bay Mutual Aid Intake,MutualAidGroup
Tampa Mutual Aid Response- Coronavirus,MutualAidGroup
The Jacobs & Cushman San Diego Food Bank,MutualAidLikeGroup
The MUTUAL AID NETWORK OF YPSILANTI (MANY),MutualAidLikeGroup
Tucson Community Mutual Aid,MutualAidGroup
United Way of San Diego County,MutualAidLikeGroup
Vermont Essential Workers Child Care Program,Other
Vermont Mutual Aid,MutualAidGroup
Virginia / Hampton Roads: Corona Aid 757,MutualAidGroup
"Virginia / Staughton, Augusta, and Waynesboro: Mutual Aid Infrastructure",MutualAidGroup
Washington / South Seattle and Eastside: COVID-19,MutualAidGroup
Wellington MANZ COVID-19 Mutual Aid,MutualAidLikeGroup
Wisconsin / Madison: Volunteer or Donate for Coronavirus Quarantine Support with the Madison General Defense Committee,MutualAidGroup
Wyoming: Wyoming COVID-19 Mutual Aid and Resource Page,MutualAidGroup
YOOPERS HELPING YOOPERS,InformationSite